City_ID,City,Country,Date,Lat,Lng,Max Temp,Humidity,Cloudiness,Wind Speed,Current Description,Rain inches (last 3 hours),Snow inches (last 3 hours)
0,Kruisfontein,ZA,2021-10-30 14:37:10,-34.0033,24.7314,69.89,67,3,13.96,clear sky,0,0
1,Georgetown,MY,2021-10-30 14:36:16,5.4112,100.3354,77.9,94,40,0.0,scattered clouds,0,0
2,Port Alfred,ZA,2021-10-30 14:36:19,-33.5906,26.891,68.7,74,0,18.28,clear sky,0,0
3,Thompson,CA,2021-10-30 14:36:27,55.7435,-97.8558,28.56,93,75,4.61,broken clouds,0,0
4,Tuktoyaktuk,CA,2021-10-30 14:36:28,69.4541,-133.0374,23.0,93,90,9.22,overcast clouds,0,0
5,Quatre Cocos,MU,2021-10-30 14:37:18,-20.2078,57.7625,77.09,75,51,2.98,broken clouds,0,0
6,Nuuk,GL,2021-10-30 14:41:07,64.1835,-51.7216,41.61,65,75,26.46,broken clouds,0,0
7,Yellowknife,CA,2021-10-30 14:36:31,62.456,-114.3525,27.41,99,90,11.5,light snow,0,0
8,Avarua,CK,2021-10-30 14:36:25,-21.2078,-159.775,71.65,73,75,10.36,light rain,0,0
9,Busselton,AU,2021-10-30 14:36:11,-33.65,115.3333,51.04,90,57,7.76,broken clouds,0,0
10,New Norfolk,AU,2021-10-30 14:36:14,-42.7826,147.0587,51.93,59,79,3.0,broken clouds,0,0
11,Tynda,RU,2021-10-30 14:41:08,55.1667,124.7167,18.73,56,11,2.28,few clouds,0,0
12,Atuona,PF,2021-10-30 14:36:18,-9.8,-139.0333,77.36,69,18,15.93,few clouds,0,0
13,Rikitea,PF,2021-10-30 14:36:15,-23.1203,-134.9692,74.84,83,78,21.23,broken clouds,0,0
14,Rundu,NA,2021-10-30 14:41:08,-17.9333,19.7667,90.09,27,83,7.58,broken clouds,0,0
15,Vaini,TO,2021-10-30 14:36:20,-21.2,-175.2,71.76,94,20,4.61,few clouds,0,0
16,Butaritari,KI,2021-10-30 14:36:20,3.0707,172.7902,81.64,77,92,7.54,light rain,0,0
17,Mataura,NZ,2021-10-30 14:36:12,-46.1927,168.8643,51.33,56,14,6.29,few clouds,0,0
18,Geneva,US,2021-10-30 14:37:46,41.8875,-88.3054,54.79,86,90,4.0,overcast clouds,0,0
19,Hermanus,ZA,2021-10-30 14:36:19,-34.4187,19.2345,74.8,70,31,12.44,scattered clouds,0,0
20,Arraial Do Cabo,BR,2021-10-30 14:36:25,-22.9661,-42.0278,71.46,83,90,5.75,overcast clouds,0,0
21,Kaitangata,NZ,2021-10-30 14:36:54,-46.2817,169.8464,51.15,82,85,5.01,overcast clouds,0,0
22,Hobart,AU,2021-10-30 14:34:10,-42.8794,147.3294,52.27,64,40,3.0,scattered clouds,0,0
23,Jamestown,US,2021-10-30 14:41:09,42.097,-79.2353,49.32,97,90,1.01,overcast clouds,0,0
24,Iqaluit,CA,2021-10-30 14:36:28,63.7506,-68.5145,40.73,65,75,10.0,light rain,0,0
25,Saint Anthony,US,2021-10-30 14:36:28,45.0205,-93.218,44.82,95,1,0.0,mist,0,0
26,Ushuaia,AR,2021-10-30 14:36:11,-54.8,-68.3,46.06,53,0,19.57,clear sky,0,0
27,Saskylakh,RU,2021-10-30 14:36:26,71.9167,114.0833,5.43,93,100,10.8,overcast clouds,0,0
28,Cap Malheureux,MU,2021-10-30 14:41:09,-19.9842,57.6142,77.47,73,3,9.15,clear sky,0,0
29,Carnarvon,AU,2021-10-30 14:41:10,-24.8667,113.6333,69.87,60,0,20.71,clear sky,0,0
30,Cayenne,GF,2021-10-30 14:41:10,4.9333,-52.3333,86.09,75,90,4.0,overcast clouds,0,0
31,Muros,ES,2021-10-30 14:41:10,42.7762,-9.0603,64.99,84,100,9.17,overcast clouds,0,0
32,Cape Town,ZA,2021-10-30 14:32:59,-33.9258,18.4232,71.1,39,0,17.27,clear sky,0,0
33,Marsh Harbour,BS,2021-10-30 14:37:22,26.5412,-77.0636,81.21,66,60,22.77,broken clouds,0,0
34,San Quintin,MX,2021-10-30 14:41:10,30.4833,-115.95,64.36,85,0,3.98,clear sky,0,0
35,Sabaudia,IT,2021-10-30 14:39:58,41.3003,13.0282,73.15,58,15,4.0,few clouds,0,0
36,Punta Arenas,CL,2021-10-30 14:41:11,-53.15,-70.9167,50.11,43,0,19.57,clear sky,0,0
37,Bluff,NZ,2021-10-30 14:36:19,-46.6,168.3333,53.87,60,12,18.1,few clouds,0,0
38,Kupang,ID,2021-10-30 14:41:11,-10.1667,123.5833,81.01,79,100,6.13,overcast clouds,0,0
39,The Valley,AI,2021-10-30 14:41:11,18.217,-63.0578,86.83,61,20,14.97,few clouds,0,0
40,Dejen,ET,2021-10-30 14:41:11,10.1667,38.1333,57.34,39,28,3.58,scattered clouds,0,0
41,Qaanaaq,GL,2021-10-30 14:41:11,77.484,-69.3632,1.98,54,0,8.68,clear sky,0,0
42,Tazovskiy,RU,2021-10-30 14:36:20,67.4667,78.7,16.11,95,100,12.17,light snow,0,0
43,Port Elizabeth,ZA,2021-10-30 14:36:42,-33.918,25.5701,72.1,68,20,18.41,few clouds,0,0
44,Chumikan,RU,2021-10-30 14:41:11,54.7183,135.315,18.52,78,14,7.54,few clouds,0,0
45,Dikson,RU,2021-10-30 14:36:41,73.5069,80.5464,8.65,90,100,16.62,overcast clouds,0,0
46,Franklin,US,2021-10-30 14:41:12,39.9667,-83.0166,57.13,97,90,1.99,mist,0,0
47,Pisco,PE,2021-10-30 14:36:54,-13.7,-76.2167,64.02,88,90,4.61,mist,0,0
48,Deputatskiy,RU,2021-10-30 14:36:56,69.3,139.9,-7.47,99,98,5.77,overcast clouds,0,0
49,Esperance,AU,2021-10-30 14:36:23,-33.8667,121.9,55.24,69,0,16.78,clear sky,0,0
50,Kansanshi,ZM,2021-10-30 14:41:12,-12.0951,26.4273,89.6,17,55,5.99,broken clouds,0,0
51,Castro,BR,2021-10-30 14:41:12,-24.7911,-50.0119,73.36,63,46,8.25,scattered clouds,0,0
52,Kibala,TD,2021-10-30 14:41:12,9.1104,18.3463,94.95,46,20,0.0,few clouds,0,0
53,Upernavik,GL,2021-10-30 14:32:26,72.7868,-56.1549,23.52,57,100,6.85,overcast clouds,0,0
54,Touros,BR,2021-10-30 14:37:19,-5.1989,-35.4608,88.7,58,55,15.41,broken clouds,0,0
55,Cherskiy,RU,2021-10-30 14:37:19,68.75,161.3,-5.04,99,100,4.29,light snow,0,0
56,Sibolga,ID,2021-10-30 14:41:13,1.7427,98.7792,77.59,89,100,2.26,heavy intensity rain,0,0
57,San Patricio,US,2021-10-30 14:36:34,28.017,-97.5169,69.93,24,0,4.94,clear sky,0,0
58,Lima,PE,2021-10-30 14:37:05,-12.0432,-77.0282,63.39,25,90,8.05,overcast clouds,0,0
59,Puerto Ayora,EC,2021-10-30 14:36:15,-0.7393,-90.3518,71.56,82,85,8.72,overcast clouds,0,0
60,Chokurdakh,RU,2021-10-30 14:36:40,70.6333,147.9167,-8.19,96,100,6.69,overcast clouds,0,0
61,Asyut,EG,2021-10-30 14:41:13,27.181,31.1837,93.38,24,100,7.23,overcast clouds,0,0
62,Curaca,BR,2021-10-30 14:41:13,-8.9903,-39.9094,89.64,19,0,8.05,clear sky,0,0
63,Mar Del Plata,AR,2021-10-30 14:33:24,-38.0023,-57.5575,77.02,69,0,10.36,clear sky,0,0
64,Hodosa,RO,2021-10-30 14:41:13,46.6333,24.8167,62.46,45,2,3.89,clear sky,0,0
65,Porto Belo,BR,2021-10-30 14:41:14,-27.1578,-48.5531,73.63,93,100,11.32,overcast clouds,0,0
66,Ahipara,NZ,2021-10-30 14:36:25,-35.1667,173.1667,62.47,96,100,17.6,light rain,0,0
67,Tezu,IN,2021-10-30 14:41:14,27.9167,96.1667,67.17,58,0,4.32,clear sky,0,0
68,Athabasca,CA,2021-10-30 14:41:14,54.7169,-113.2854,22.82,58,90,9.8,overcast clouds,0,0
69,Russell,US,2021-10-30 14:41:14,32.3502,-85.1999,55.11,83,90,8.05,overcast clouds,0,0
70,Kahului,US,2021-10-30 14:36:33,20.8947,-156.47,72.84,83,1,5.75,clear sky,0,0
71,La Cruz,MX,2021-10-30 14:41:14,23.9167,-106.9,76.46,78,0,2.57,clear sky,0,0
72,Virginia Beach,US,2021-10-30 14:41:14,36.8529,-75.978,65.05,69,2,4.0,clear sky,0,0
73,Arinos,BR,2021-10-30 14:41:14,-15.9169,-46.1056,93.94,30,12,6.35,few clouds,0,0
74,Port Hedland,AU,2021-10-30 14:41:15,-20.3167,118.5667,73.45,83,0,8.05,clear sky,0,0
75,Maniitsoq,GL,2021-10-30 14:41:15,65.4167,-52.9,35.06,85,100,24.07,overcast clouds,0,0
76,Parana,AR,2021-10-30 14:37:04,-31.732,-60.5238,90.57,48,6,6.6,clear sky,0,0
77,Kavieng,PG,2021-10-30 14:36:51,-2.5744,150.7967,83.39,75,75,12.35,broken clouds,0,0
78,Raymond,US,2021-10-30 14:41:15,43.9015,-70.4703,52.29,93,100,7.09,overcast clouds,0,0
79,Victoria,HK,2021-10-30 14:34:00,22.2855,114.1577,76.32,81,58,1.01,light rain,0,0
80,Zaragoza,ES,2021-10-30 14:40:04,41.6561,-0.8773,68.45,77,20,1.99,few clouds,0,0
81,Jasdan,IN,2021-10-30 14:41:15,22.0333,71.2,79.88,26,91,8.48,overcast clouds,0,0
82,Nabire,ID,2021-10-30 14:41:16,-3.3667,135.4833,76.86,91,84,2.62,heavy intensity rain,0,0
83,Batemans Bay,AU,2021-10-30 14:41:16,-35.7167,150.1833,53.1,71,77,5.01,broken clouds,0,0
84,Aykhal,RU,2021-10-30 14:36:53,66.0,111.5,11.21,99,100,6.62,overcast clouds,0,0
85,Atasu,KZ,2021-10-30 14:41:16,48.6814,71.6433,36.75,63,78,9.19,broken clouds,0,0
86,Tomatlan,MX,2021-10-30 14:36:57,19.9333,-105.25,78.6,76,9,3.29,clear sky,0,0
87,Caborca,MX,2021-10-30 14:41:16,30.5838,-111.101,69.6,26,0,4.05,clear sky,0,0
88,Dezful,IR,2021-10-30 14:36:31,32.3811,48.4058,82.36,29,93,11.39,overcast clouds,0,0
89,Spenge,DE,2021-10-30 14:41:16,52.1333,8.4833,58.53,83,100,7.4,light rain,0,0
90,Pangkalanbuun,ID,2021-10-30 14:41:16,-2.6833,111.6167,76.46,91,98,2.21,overcast clouds,0,0
91,Beringovskiy,RU,2021-10-30 14:37:17,63.05,179.3167,10.38,95,100,18.7,overcast clouds,0,0
92,Ponta Do Sol,PT,2021-10-30 14:36:37,32.6667,-17.1,81.72,74,93,9.75,overcast clouds,0,0
93,Narsaq,GL,2021-10-30 14:36:59,60.9167,-46.05,30.42,68,73,4.25,broken clouds,0,0
94,Hilo,US,2021-10-30 14:36:12,19.7297,-155.09,66.25,68,1,8.05,clear sky,0,0
95,Kodiak,US,2021-10-30 14:36:48,57.79,-152.4072,47.71,87,90,25.32,moderate rain,0,0
96,Boffa,GN,2021-10-30 14:41:17,10.1667,-14.0333,77.02,87,100,3.51,overcast clouds,0,0
97,Verkhoyansk,RU,2021-10-30 14:41:17,67.5447,133.385,-11.11,98,44,3.24,scattered clouds,0,0
98,Erzin,TR,2021-10-30 14:41:17,36.9559,36.2,75.72,66,50,7.0,scattered clouds,0,0
99,Linhares,BR,2021-10-30 14:41:17,-19.3911,-40.0722,75.38,82,97,5.86,overcast clouds,0,0
100,Longyearbyen,SJ,2021-10-30 14:37:01,78.2186,15.6401,19.24,79,20,5.75,few clouds,0,0
101,Kjollefjord,NO,2021-10-30 14:36:47,70.9457,27.3465,38.8,80,84,6.6,broken clouds,0,0
102,Iaciara,BR,2021-10-30 14:41:18,-14.0958,-46.6317,93.33,28,51,5.75,broken clouds,0,0
103,Saint George,US,2021-10-30 14:36:21,37.1041,-113.5841,57.54,76,1,0.0,clear sky,0,0
104,Juneau,US,2021-10-30 14:41:18,58.3019,-134.4197,41.22,91,90,12.66,light rain,0,0
105,Birao,CF,2021-10-30 14:41:18,10.2849,22.7882,93.67,21,81,2.53,broken clouds,0,0
106,Albany,US,2021-10-30 14:36:19,42.6001,-73.9662,54.95,94,100,7.14,overcast clouds,0,0
107,Korla,CN,2021-10-30 14:41:18,41.7597,86.1469,54.48,28,100,2.75,overcast clouds,0,0
108,Hambantota,LK,2021-10-30 14:36:28,6.1241,81.1185,75.54,100,40,2.3,scattered clouds,0,0
109,Kirakira,SB,2021-10-30 14:37:01,-10.4544,161.9205,81.21,79,99,11.23,overcast clouds,0,0
110,Lebanon,US,2021-10-30 14:41:19,36.2081,-86.2911,54.59,78,90,8.05,mist,0,0
111,Tondano,ID,2021-10-30 14:36:27,1.3038,124.9112,68.09,91,94,0.69,overcast clouds,0,0
112,Lorengau,PG,2021-10-30 14:37:05,-2.0226,147.2712,82.4,78,100,6.26,overcast clouds,0,0
113,Nikolskoye,RU,2021-10-30 14:36:23,59.7035,30.7861,48.87,90,70,6.51,broken clouds,0,0
114,Hithadhoo,MV,2021-10-30 14:36:37,-0.6,73.0833,83.48,75,53,15.99,broken clouds,0,0
115,Camacha,PT,2021-10-30 14:36:40,33.0833,-16.3333,75.52,73,40,11.5,scattered clouds,0,0
116,Pimentel,PE,2021-10-30 14:41:19,-6.8367,-79.9342,66.49,72,20,6.91,few clouds,0,0
117,Hovd,MN,2021-10-30 14:36:57,48.0056,91.6419,35.13,50,73,5.01,broken clouds,0,0
118,Barrow,US,2021-10-30 14:36:29,71.2906,-156.7887,14.02,79,90,5.75,overcast clouds,0,0
119,Dagda,LV,2021-10-30 14:41:20,56.0951,27.5372,50.4,76,13,9.53,few clouds,0,0
120,Ribeira Grande,PT,2021-10-30 14:36:58,38.5167,-28.7,70.2,94,40,24.16,scattered clouds,0,0
121,Atar,MR,2021-10-30 14:36:03,20.5169,-13.0499,91.58,22,100,2.15,overcast clouds,0,0
122,Clyde River,CA,2021-10-30 14:36:59,70.4692,-68.5914,30.43,100,90,14.97,snow,0,0
123,Karratha,AU,2021-10-30 14:41:20,-20.7377,116.8463,73.99,62,0,11.43,clear sky,0,0
124,Andenes,NO,2021-10-30 14:36:42,69.3143,16.1194,40.98,75,0,8.05,clear sky,0,0
125,Provideniya,RU,2021-10-30 14:32:01,64.3833,-173.3,13.78,84,98,11.54,overcast clouds,0,0
126,Sistranda,NO,2021-10-30 14:36:50,63.7256,8.834,53.91,82,88,7.43,overcast clouds,0,0
127,Brae,GB,2021-10-30 14:41:21,60.3964,-1.353,51.71,84,100,24.25,overcast clouds,0,0
128,Itarema,BR,2021-10-30 14:41:21,-2.9248,-39.9167,85.19,59,49,14.58,scattered clouds,0,0
129,Saint-Tite,CA,2021-10-30 14:41:21,46.7334,-72.5658,45.45,67,73,12.15,broken clouds,0,0
130,Cidreira,BR,2021-10-30 14:36:23,-30.1811,-50.2056,71.49,75,83,20.76,broken clouds,0,0
131,Berlevag,NO,2021-10-30 14:36:55,70.8578,29.0864,37.96,80,90,9.24,overcast clouds,0,0
132,Khatanga,RU,2021-10-30 14:33:04,71.9667,102.5,2.95,95,100,1.95,overcast clouds,0,0
133,Shakawe,BW,2021-10-30 14:41:21,-18.3667,21.85,95.43,20,63,5.59,broken clouds,0,0
134,Vanino,RU,2021-10-30 14:41:21,49.0869,140.2543,41.47,78,95,9.98,overcast clouds,0,0
135,Nueva Concepcion,GT,2021-10-30 14:41:22,14.2,-91.3,81.75,73,100,1.9,overcast clouds,0,0
136,Saint-Philippe,RE,2021-10-30 14:36:16,-21.3585,55.7679,76.55,81,62,6.04,broken clouds,0,0
137,Coquimbo,CL,2021-10-30 14:36:59,-29.9533,-71.3436,55.13,94,90,11.5,light intensity drizzle,0,0
138,Sao Joao Da Barra,BR,2021-10-30 14:36:25,-21.6403,-41.0511,77.09,84,100,12.5,overcast clouds,0,0
139,Pandan,PH,2021-10-30 14:41:22,14.0453,124.1694,81.16,71,81,14.72,broken clouds,0,0
140,Vestmanna,FO,2021-10-30 14:41:22,62.1564,-7.1664,47.32,93,75,3.44,broken clouds,0,0
141,Lata,PT,2021-10-30 14:36:38,40.1629,-8.3327,68.04,72,99,5.39,overcast clouds,0,0
142,Xining,CN,2021-10-30 14:36:40,36.6167,101.7667,38.8,57,98,5.88,overcast clouds,0,0
143,Avera,US,2021-10-30 14:36:29,33.194,-82.5271,59.38,64,63,13.04,broken clouds,0,0
144,Mahebourg,MU,2021-10-30 14:36:22,-20.4081,57.7,77.25,78,40,6.91,scattered clouds,0,0
145,Isangel,VU,2021-10-30 14:36:39,-19.55,169.2667,74.52,84,3,4.68,clear sky,0,0
146,Tamiahua,MX,2021-10-30 14:41:23,21.2667,-97.45,76.35,68,34,3.94,scattered clouds,0,0
147,Bambous Virieux,MU,2021-10-30 14:41:23,-20.3428,57.7575,77.22,78,40,6.91,scattered clouds,0,0
148,Bathsheba,BB,2021-10-30 14:36:27,13.2167,-59.5167,86.61,66,40,17.27,scattered clouds,0,0
149,Talnakh,RU,2021-10-30 14:36:15,69.4865,88.3972,18.16,96,100,4.34,light snow,0,0
150,Upington,ZA,2021-10-30 14:36:25,-28.4478,21.2561,84.58,20,0,4.61,clear sky,0,0
151,Miass,RU,2021-10-30 14:41:23,55.045,60.1083,36.46,94,100,15.03,overcast clouds,0,0
152,Saint-Augustin,CA,2021-10-30 14:41:23,51.226,-58.6502,49.51,32,8,3.85,clear sky,0,0
153,Hit,IQ,2021-10-30 14:41:23,33.6416,42.8251,80.55,33,100,7.99,overcast clouds,0,0
154,Mama,RU,2021-10-30 14:41:24,58.3106,112.8986,25.63,81,100,6.49,overcast clouds,0,0
155,Orocue,CO,2021-10-30 14:41:24,4.7912,-71.3354,78.93,82,90,6.31,overcast clouds,0,0
156,East London,ZA,2021-10-30 14:36:24,-33.0153,27.9116,67.14,72,20,20.71,few clouds,0,0
157,Tres Picos,MX,2021-10-30 14:41:24,15.8667,-93.5333,80.82,60,7,5.86,clear sky,0,0
158,Tenamaxtlan,MX,2021-10-30 14:41:24,20.2167,-104.1667,66.78,72,59,3.02,broken clouds,0,0
159,Dawlatabad,AF,2021-10-30 14:41:24,36.4141,64.9053,59.02,33,6,5.03,clear sky,0,0
160,Nushki,PK,2021-10-30 14:41:24,29.5542,66.0215,65.97,20,0,7.11,clear sky,0,0
161,Gunupur,IN,2021-10-30 14:41:24,19.0833,83.8167,75.67,91,89,0.85,overcast clouds,0,0
162,Aklavik,CA,2021-10-30 14:36:39,68.2191,-135.0107,17.6,93,90,8.05,fog,0,0
163,Mackenzie,CA,2021-10-30 14:41:25,55.2999,-123.1698,19.62,93,1,4.61,clear sky,0,0
164,Lagoa,PT,2021-10-30 14:36:40,39.05,-27.9833,70.03,90,100,26.66,overcast clouds,0,0
165,Coihaique,CL,2021-10-30 14:41:25,-45.5752,-72.0662,48.81,53,20,5.75,few clouds,0,0
166,Xian,CN,2021-10-30 14:41:25,34.2583,108.9286,58.01,62,100,1.34,light rain,0,0
167,Ginir,ET,2021-10-30 14:41:25,7.1333,40.7,61.68,38,7,3.36,clear sky,0,0
168,Bandarbeyla,SO,2021-10-30 14:41:25,9.4942,50.8122,79.2,78,9,12.62,light rain,0,0
169,Kapaa,US,2021-10-30 14:41:25,22.0752,-159.319,71.58,82,1,9.22,clear sky,0,0
170,Emerald,AU,2021-10-30 14:41:25,-23.5333,148.1667,82.54,39,40,6.91,scattered clouds,0,0
171,Pevek,RU,2021-10-30 14:36:30,69.7008,170.3133,1.02,94,100,6.22,overcast clouds,0,0
172,Ygatimi,PY,2021-10-30 14:41:26,-24.0833,-55.5,80.38,81,100,1.16,moderate rain,0,0
173,Caravelas,BR,2021-10-30 14:36:26,-17.7125,-39.2481,83.34,55,60,8.95,broken clouds,0,0
174,Kalmunai,LK,2021-10-30 14:41:26,7.4167,81.8167,80.01,81,66,7.74,broken clouds,0,0
175,Mitu,CO,2021-10-30 14:41:26,1.1983,-70.1733,80.53,78,95,2.35,overcast clouds,0,0
176,Itirucu,BR,2021-10-30 14:41:26,-13.5317,-40.1503,79.97,48,73,6.11,broken clouds,0,0
177,Lebu,CL,2021-10-30 14:36:30,-37.6167,-73.65,54.81,68,84,20.58,broken clouds,0,0
178,Krasnyye Barrikady,RU,2021-10-30 14:41:26,46.2045,47.8535,53.56,58,0,4.47,clear sky,0,0
179,Mugur-Aksy,RU,2021-10-30 14:41:26,50.35,90.5,15.6,83,95,6.13,overcast clouds,0,0
180,Marzuq,YE,2021-10-30 14:36:22,14.4,46.4667,78.42,42,99,6.4,overcast clouds,0,0
181,Buala,SB,2021-10-30 14:36:12,-8.145,159.5921,80.65,83,95,8.72,light rain,0,0
182,Wewak,PG,2021-10-30 14:36:40,-3.5534,143.6268,81.25,82,87,5.08,overcast clouds,0,0
183,Constitucion,CL,2021-10-30 14:36:24,-35.3333,-72.4167,64.71,58,100,12.21,overcast clouds,0,0
184,Salalah,OM,2021-10-30 14:31:34,17.0151,54.0924,84.29,65,20,5.75,few clouds,0,0
185,Komsomolskiy,UZ,2021-10-30 14:41:27,40.4272,71.7189,49.42,43,0,4.61,clear sky,0,0
186,Hay River,CA,2021-10-30 14:41:27,60.8156,-115.7999,26.58,93,75,10.36,broken clouds,0,0
187,Nanortalik,GL,2021-10-30 14:36:37,60.1432,-45.2371,35.11,72,60,4.68,broken clouds,0,0
188,Yulara,AU,2021-10-30 14:36:42,-25.2406,130.9889,57.04,100,90,11.5,overcast clouds,0,0
189,Helena,US,2021-10-30 14:41:27,46.5927,-112.0361,36.32,79,1,1.01,clear sky,0,0
190,Bogovarovo,RU,2021-10-30 14:41:27,58.9785,47.0246,43.38,92,100,7.4,overcast clouds,0,0
191,Hasaki,JP,2021-10-30 14:36:29,35.7333,140.8333,59.4,57,51,8.1,broken clouds,0,0
192,China,MX,2021-10-30 14:41:28,25.7,-99.2333,73.09,28,0,6.06,clear sky,0,0
193,Chipurupalle,IN,2021-10-30 14:41:28,18.3,83.5667,75.96,87,74,1.74,broken clouds,0,0
194,Mehamn,NO,2021-10-30 14:41:28,71.0357,27.8492,39.25,81,87,6.8,overcast clouds,0,0
195,Valparaiso,CL,2021-10-30 14:39:36,-33.0393,-71.6273,62.83,82,75,5.75,haze,0,0
196,Luganville,VU,2021-10-30 14:41:28,-15.5333,167.1667,78.57,79,6,5.1,clear sky,0,0
197,Gazanjyk,TM,2021-10-30 14:41:28,39.2446,55.5154,60.17,40,100,8.28,overcast clouds,0,0
198,Omboue,GA,2021-10-30 14:41:29,-1.5746,9.2618,78.46,87,100,10.09,light rain,0,0
199,Broken Hill,AU,2021-10-30 14:41:29,-31.95,141.4333,53.31,30,79,3.44,broken clouds,0,0
200,Makakilo City,US,2021-10-30 14:41:29,21.3469,-158.0858,71.29,83,1,3.44,clear sky,0,0
201,Kaili,ID,2021-10-30 14:41:29,-3.4626,120.2147,66.99,96,100,3.33,heavy intensity rain,0,0
202,Barranca,PE,2021-10-30 14:41:29,-10.75,-77.7667,65.03,78,81,6.42,broken clouds,0,0
203,Pangody,RU,2021-10-30 14:41:29,65.85,74.4859,14.27,93,100,16.78,light snow,0,0
204,Leningradskiy,RU,2021-10-30 14:41:29,69.3833,178.4167,-7.26,97,100,5.97,overcast clouds,0,0
205,Ridgecrest,US,2021-10-30 14:41:30,35.6225,-117.6709,59.65,47,1,1.01,clear sky,0,0
206,Poshekhonye,RU,2021-10-30 14:41:30,58.4993,39.1353,45.03,91,30,7.96,scattered clouds,0,0
207,Asfi,MA,2021-10-30 14:41:30,32.2994,-9.2372,68.79,75,11,8.1,few clouds,0,0
208,Severo-Kurilsk,RU,2021-10-30 14:36:16,50.6789,156.125,39.58,83,10,15.88,clear sky,0,0
209,Bredasdorp,ZA,2021-10-30 14:36:18,-34.5322,20.0403,74.28,60,28,10.36,scattered clouds,0,0
210,Kapoeta,SS,2021-10-30 14:41:30,4.7717,33.5903,90.01,31,66,17.6,broken clouds,0,0
211,Eupen,BE,2021-10-30 14:41:30,50.6295,6.0382,57.13,91,100,17.38,overcast clouds,0,0
212,Gwembe,ZM,2021-10-30 14:41:30,-16.4975,27.6069,86.49,25,66,8.21,broken clouds,0,0
213,Kamloops,CA,2021-10-30 14:41:31,50.6665,-120.3192,25.79,86,1,1.99,clear sky,0,0
214,Berezovyy,RU,2021-10-30 14:41:31,51.6667,135.7,27.72,86,95,3.58,overcast clouds,0,0
215,Husavik,IS,2021-10-30 14:36:21,66.0449,-17.3389,39.11,97,100,9.06,overcast clouds,0,0
216,Dodoma,TZ,2021-10-30 14:41:31,-6.1722,35.7395,85.86,31,76,10.65,broken clouds,0,0
217,Alice Springs,AU,2021-10-30 14:37:06,-23.7,133.8833,63.95,59,90,8.05,light rain,0,0
218,Tiksi,RU,2021-10-30 14:36:20,71.6872,128.8694,-3.28,98,100,7.05,overcast clouds,0,0
219,Bethel,US,2021-10-30 14:36:17,41.3712,-73.414,61.5,93,90,1.01,moderate rain,0,0
220,Tasiilaq,GL,2021-10-30 14:37:05,65.6145,-37.6368,26.76,65,18,7.02,few clouds,0,0
221,Lively,CA,2021-10-30 14:41:32,46.4334,-81.1498,47.01,68,73,9.24,broken clouds,0,0
222,Saint-Honore,CA,2021-10-30 14:41:32,48.5334,-71.0824,49.3,65,2,6.91,clear sky,0,0
223,Mandiana,GN,2021-10-30 14:41:32,10.6333,-8.6833,89.01,48,76,1.45,broken clouds,0,0
224,Atherton,GB,2021-10-30 14:41:32,53.5237,-2.4935,56.21,70,5,5.99,clear sky,0,0
225,Flinders,AU,2021-10-30 14:37:05,-34.5833,150.8552,58.8,75,26,1.01,scattered clouds,0,0
226,Evensk,RU,2021-10-30 14:37:08,61.95,159.2333,9.66,73,32,9.66,scattered clouds,0,0
227,Faraoani,RO,2021-10-30 14:41:32,46.4333,26.9,56.84,60,0,11.5,clear sky,0,0
228,Moroni,KM,2021-10-30 14:41:33,-11.7022,43.2551,82.4,69,40,8.05,scattered clouds,0,0
229,Asosa,ET,2021-10-30 14:41:33,10.0667,34.5333,65.41,83,95,4.72,light rain,0,0
230,Seymchan,RU,2021-10-30 14:41:33,62.8833,152.4333,6.26,87,100,7.47,overcast clouds,0,0
231,Mayo,US,2021-10-30 14:41:33,38.8876,-76.5119,60.78,87,1,3.0,clear sky,0,0
232,Manokwari,ID,2021-10-30 14:36:57,-0.8667,134.0833,77.92,81,81,4.56,broken clouds,0,0
233,Tanout,NE,2021-10-30 14:41:33,14.9709,8.8879,95.23,9,11,14.67,few clouds,0,0
234,Souillac,MU,2021-10-30 14:36:33,-20.5167,57.5167,77.36,78,40,6.91,scattered clouds,0,0
235,Kasongo,CD,2021-10-30 14:41:34,-4.45,26.6667,79.83,76,89,2.26,light rain,0,0
236,Port Blair,IN,2021-10-30 14:37:04,11.6667,92.75,81.7,79,93,3.42,overcast clouds,0,0
237,Dali,CN,2021-10-30 14:41:35,25.7,100.1833,55.56,83,9,4.52,clear sky,0,0
238,Landau,DE,2021-10-30 14:41:35,49.2075,8.1133,52.77,93,100,5.17,overcast clouds,0,0
239,Dunedin,NZ,2021-10-30 14:41:35,-45.8742,170.5036,59.81,90,0,11.01,clear sky,0,0
240,Baykit,RU,2021-10-30 14:41:36,61.67,96.37,18.03,86,98,9.26,overcast clouds,0,0
241,Thinadhoo,MV,2021-10-30 14:41:36,0.5333,72.9333,84.04,73,76,13.71,broken clouds,0,0
242,Chuy,UY,2021-10-30 14:36:26,-33.6971,-53.4616,72.73,69,98,14.38,overcast clouds,0,0
243,Mae Sai,TH,2021-10-30 14:41:36,20.4335,99.8762,72.72,99,35,0.78,scattered clouds,0,0
244,Bontang,ID,2021-10-30 14:36:19,0.1333,117.5,76.87,90,79,4.45,broken clouds,0,0
245,Richards Bay,ZA,2021-10-30 14:37:08,-28.783,32.0377,66.99,83,98,14.9,light rain,0,0
246,Chatakonda,IN,2021-10-30 14:41:36,17.55,80.65,76.17,89,96,2.19,moderate rain,0,0
247,Roald,NO,2021-10-30 14:41:36,62.5833,6.1333,55.45,58,0,11.5,clear sky,0,0
248,Lerwick,GB,2021-10-30 14:41:37,60.1545,-1.1494,51.8,84,100,25.5,overcast clouds,0,0
249,Los Llanos De Aridane,ES,2021-10-30 14:41:37,28.6585,-17.9182,71.35,85,20,4.61,few clouds,0,0
250,Mapastepec,MX,2021-10-30 14:41:37,15.4333,-92.9,83.75,64,9,1.54,clear sky,0,0
251,Nguruka,TZ,2021-10-30 14:41:37,-5.1092,31.0419,86.18,28,43,7.27,scattered clouds,0,0
252,Fortuna,US,2021-10-30 14:36:35,40.5982,-124.1573,58.35,76,90,0.0,overcast clouds,0,0
253,Zhigansk,RU,2021-10-30 14:36:57,66.7697,123.3711,-4.88,99,81,11.48,broken clouds,0,0
254,Sayyan,YE,2021-10-30 14:41:37,15.1718,44.3244,60.8,40,0,15.57,clear sky,0,0
255,Lanzhou,CN,2021-10-30 14:41:37,36.0564,103.7922,43.88,48,98,3.11,overcast clouds,0,0
256,Olafsvik,IS,2021-10-30 14:36:32,64.8945,-23.7142,42.94,85,48,16.35,scattered clouds,0,0
257,Dhidhdhoo,MV,2021-10-30 14:41:38,6.8833,73.1,80.91,79,100,5.86,overcast clouds,0,0
258,Walvis Bay,NA,2021-10-30 14:41:38,-22.9575,14.5053,67.15,63,0,12.66,clear sky,0,0
259,Aktash,RU,2021-10-30 14:41:38,50.3,87.7333,22.32,72,100,5.26,overcast clouds,0,0
260,Alta Floresta,BR,2021-10-30 14:41:38,-9.8756,-56.0861,85.82,66,0,2.3,clear sky,0,0
261,Norman Wells,CA,2021-10-30 14:36:46,65.282,-126.8329,19.44,93,90,2.3,light snow,0,0
262,Vitorino Freire,BR,2021-10-30 14:41:38,-4.0667,-45.1667,94.26,41,37,5.66,scattered clouds,0,0
263,Vestmannaeyjar,IS,2021-10-30 14:36:17,63.4427,-20.2734,45.59,87,20,11.5,few clouds,0,0
264,Mazagao,BR,2021-10-30 14:41:38,-0.115,-51.2894,91.45,46,20,5.17,few clouds,0,0
265,La Ronge,CA,2021-10-30 14:36:46,55.1001,-105.2842,32.25,80,75,5.75,broken clouds,0,0
266,Basco,PH,2021-10-30 14:41:39,20.4487,121.9702,80.53,64,19,16.44,few clouds,0,0
267,Bayji,IQ,2021-10-30 14:40:09,34.9311,43.487,80.98,32,100,5.46,overcast clouds,0,0
268,Novyy Urengoy,RU,2021-10-30 14:41:39,66.0833,76.6333,12.24,93,99,14.45,overcast clouds,0,0
269,Miandrivazo,MG,2021-10-30 14:36:30,-19.5167,45.4667,81.57,57,66,14.99,broken clouds,0,0
270,Amahai,ID,2021-10-30 14:41:39,-3.3333,128.9167,79.02,84,96,3.09,overcast clouds,0,0
271,Lumphat,KH,2021-10-30 14:36:58,13.4878,106.9816,75.24,85,48,6.2,scattered clouds,0,0
272,Snezhnogorsk,RU,2021-10-30 14:41:39,69.1933,33.2531,20.98,91,100,6.02,overcast clouds,0,0
273,Killybegs,IE,2021-10-30 14:41:39,54.6333,-8.45,51.46,73,45,11.56,scattered clouds,0,0
274,Barabai,ID,2021-10-30 14:41:40,-2.5833,115.3833,73.29,96,96,1.54,overcast clouds,0,0
275,Smithers,CA,2021-10-30 14:36:49,54.7804,-127.1743,23.32,93,90,2.3,overcast clouds,0,0
276,Kholtoson,RU,2021-10-30 14:41:40,50.2981,103.3097,28.92,87,36,4.21,scattered clouds,0,0
277,Sao Filipe,CV,2021-10-30 14:36:58,14.8961,-24.4956,80.38,73,95,11.48,overcast clouds,0,0
278,Alberton,CA,2021-10-30 14:41:40,46.8168,-64.0654,49.91,68,0,4.16,clear sky,0,0
279,Puerto Madero,MX,2021-10-30 14:41:40,14.7208,-92.4215,79.0,100,75,3.44,broken clouds,0,0
280,Novoye Leushino,RU,2021-10-30 14:41:40,56.8073,40.5144,48.29,91,27,8.66,scattered clouds,0,0
281,Lossiemouth,GB,2021-10-30 14:41:41,57.7214,-3.2834,54.93,74,75,9.22,broken clouds,0,0
282,Yakeshi,CN,2021-10-30 14:41:41,49.2833,120.7333,26.28,47,6,4.81,clear sky,0,0
283,Beidao,CN,2021-10-30 14:41:41,34.5686,105.8933,52.72,74,100,9.1,overcast clouds,0,0
284,Manta,EC,2021-10-30 14:37:41,-0.95,-80.7333,76.78,73,75,4.61,broken clouds,0,0
285,Gallup,US,2021-10-30 14:41:41,35.5281,-108.7426,29.16,74,1,0.0,clear sky,0,0
286,Qaqortoq,GL,2021-10-30 14:37:20,60.7167,-46.0333,30.7,76,67,3.49,broken clouds,0,0
287,Lensk,RU,2021-10-30 14:41:41,60.7253,114.9278,28.35,85,100,5.21,overcast clouds,0,0
288,Padang,ID,2021-10-30 14:38:49,-0.9492,100.3543,75.25,88,100,2.68,overcast clouds,0,0
289,Finnsnes,NO,2021-10-30 14:41:42,69.2296,17.9811,37.76,88,100,5.44,overcast clouds,0,0
290,Behat,IN,2021-10-30 14:41:42,30.1667,77.6167,66.04,54,0,1.5,clear sky,0,0
291,Kapuskasing,CA,2021-10-30 14:41:42,49.4169,-82.4331,41.0,93,75,3.44,mist,0,0
292,Airai,TL,2021-10-30 14:36:53,-8.9266,125.4092,63.68,90,99,1.01,overcast clouds,0,0
293,Klaksvik,FO,2021-10-30 14:36:19,62.2266,-6.589,49.12,87,100,18.3,overcast clouds,0,0
294,Nizhnevartovsk,RU,2021-10-30 14:41:42,60.9344,76.5531,17.62,79,75,11.18,broken clouds,0,0
295,Grindavik,IS,2021-10-30 14:36:31,63.8424,-22.4338,46.35,76,0,5.75,clear sky,0,0
296,Namibe,AO,2021-10-30 14:37:22,-15.1961,12.1522,72.41,69,69,10.25,broken clouds,0,0
297,Sakakah,SA,2021-10-30 14:41:42,29.9697,40.2064,89.17,18,100,11.5,overcast clouds,0,0
298,Malayal,PH,2021-10-30 14:41:42,7.208,121.942,80.67,84,100,3.0,overcast clouds,0,0
299,Khetri,IN,2021-10-30 14:41:43,27.9833,75.8,72.34,26,0,3.11,clear sky,0,0
300,Torbay,CA,2021-10-30 14:36:36,47.6666,-52.7314,50.77,60,20,9.22,few clouds,0,0
301,Manali,IN,2021-10-30 14:41:43,13.1667,80.2667,82.49,79,81,8.88,broken clouds,0,0
302,Saint-Leu,RE,2021-10-30 14:38:37,-21.15,55.2833,76.03,81,9,6.49,clear sky,0,0
303,Dongning,CN,2021-10-30 14:41:43,44.0622,131.1207,42.96,61,90,2.37,overcast clouds,0,0
304,Haines Junction,CA,2021-10-30 14:41:43,60.7522,-137.5108,33.75,64,100,6.91,overcast clouds,0,0
305,Kamina,CD,2021-10-30 14:41:43,-8.7386,24.9906,76.21,69,85,1.43,light rain,0,0
306,Talaya,RU,2021-10-30 14:41:43,61.3833,152.75,5.31,97,100,4.68,overcast clouds,0,0
307,Nelson Bay,AU,2021-10-30 14:41:43,-32.7167,152.15,60.01,80,100,1.01,overcast clouds,0,0
308,Nogent-Le-Rotrou,FR,2021-10-30 14:41:44,48.3333,1.0,55.4,74,100,12.88,overcast clouds,0,0
309,La Paz,BO,2021-10-30 14:41:44,-16.5,-68.15,57.18,40,20,4.61,few clouds,0,0
310,Tottori,JP,2021-10-30 14:41:44,35.5,134.2333,59.7,65,99,4.9,overcast clouds,0,0
311,Kushima,JP,2021-10-30 14:41:44,31.4583,131.2333,63.23,96,100,5.46,overcast clouds,0,0
312,Stanislav,UA,2021-10-30 14:41:44,46.5691,32.1478,57.38,56,0,13.42,clear sky,0,0
313,Warri,NG,2021-10-30 14:41:44,5.5167,5.75,85.78,69,100,5.59,light rain,0,0
314,Tutoia,BR,2021-10-30 14:41:44,-2.7619,-42.2744,89.58,64,48,12.19,scattered clouds,0,0
315,Luderitz,NA,2021-10-30 14:36:23,-26.6481,15.1594,70.66,57,0,13.11,clear sky,0,0
316,Geraldton,AU,2021-10-30 14:36:51,-28.7667,114.6,64.81,72,0,12.66,clear sky,0,0
317,Catia La Mar,VE,2021-10-30 14:41:45,10.6038,-67.0303,85.5,94,96,6.91,overcast clouds,0,0
318,Ghanzi,BW,2021-10-30 14:41:45,-21.5667,21.7833,95.49,12,76,13.76,broken clouds,0,0
319,Santa Ines,BR,2021-10-30 14:41:45,-3.6667,-45.38,94.01,43,21,5.53,few clouds,0,0
320,Kathmandu,NP,2021-10-30 14:41:45,27.7167,85.3167,62.82,88,40,6.91,scattered clouds,0,0
321,Hervey Bay,AU,2021-10-30 14:41:45,-25.2986,152.8535,77.04,85,78,9.35,light rain,0,0
322,Matagami,CA,2021-10-30 14:41:45,49.7502,-77.6328,32.11,100,1,3.44,clear sky,0,0
323,Hami,CN,2021-10-30 14:41:46,42.8,93.45,53.49,36,99,4.03,overcast clouds,0,0
324,Ambilobe,MG,2021-10-30 14:36:21,-13.2,49.05,79.12,70,21,5.23,few clouds,0,0
325,Turbat,PK,2021-10-30 14:36:18,26.0023,63.044,87.17,16,0,16.87,clear sky,0,0
326,Hoshiarpur,IN,2021-10-30 14:41:46,31.5322,75.9172,66.76,45,0,4.81,clear sky,0,0
327,Zhuhai,CN,2021-10-30 14:41:46,22.2769,113.5678,76.05,83,20,14.97,light rain,0,0
328,Malartic,CA,2021-10-30 14:41:46,48.1335,-78.1328,35.42,56,91,6.67,overcast clouds,0,0
329,Ashington,GB,2021-10-30 14:41:46,50.9331,-0.3909,58.82,70,20,5.01,few clouds,0,0
330,Bridlington,GB,2021-10-30 14:41:46,54.0831,-0.1919,56.14,75,47,19.22,scattered clouds,0,0
331,Dillon,US,2021-10-30 14:41:47,34.4166,-79.3712,60.26,60,68,11.48,broken clouds,0,0
332,Ostersund,SE,2021-10-30 14:39:45,63.1792,14.6357,50.61,76,20,9.22,few clouds,0,0
333,Labrea,BR,2021-10-30 14:41:47,-7.2586,-64.7981,97.3,38,69,2.89,broken clouds,0,0
334,Marawi,PH,2021-10-30 14:41:47,7.9986,124.2928,66.65,94,68,1.34,broken clouds,0,0
335,Diffa,NE,2021-10-30 14:41:47,13.3154,12.6113,97.75,9,50,12.01,scattered clouds,0,0
336,Katherine,AU,2021-10-30 14:41:47,-14.4667,132.2667,80.92,74,75,5.75,broken clouds,0,0
337,Oudtshoorn,ZA,2021-10-30 14:34:02,-33.5907,22.2014,62.96,42,0,5.73,clear sky,0,0
338,Prince Rupert,CA,2021-10-30 14:41:47,54.3161,-130.3201,44.29,70,100,9.22,overcast clouds,0,0
339,Aberystwyth,GB,2021-10-30 14:41:48,52.4155,-4.0829,54.3,78,23,15.52,few clouds,0,0
340,Nouakchott,MR,2021-10-30 14:41:48,18.0858,-15.9785,94.93,52,100,9.91,overcast clouds,0,0
341,Hobyo,SO,2021-10-30 14:41:48,5.3505,48.5268,81.46,68,24,15.08,few clouds,0,0
342,Tura,IN,2021-10-30 14:41:48,25.5198,90.2201,66.06,62,0,2.48,clear sky,0,0
343,Amga,RU,2021-10-30 14:41:48,60.8953,131.9608,0.7,100,68,1.61,broken clouds,0,0
344,Katsuura,JP,2021-10-30 14:36:45,35.1333,140.3,62.11,60,6,4.63,clear sky,0,0
345,Kathor,IN,2021-10-30 14:41:48,21.3,72.9333,80.4,41,98,8.52,overcast clouds,0,0
346,Northam,GB,2021-10-30 14:41:48,51.0333,-4.2167,58.01,82,72,15.88,broken clouds,0,0
347,Arandis,NA,2021-10-30 14:41:49,-22.4167,14.9667,55.47,19,0,12.35,clear sky,0,0
348,Bayan,CN,2021-10-30 14:41:49,46.0833,127.4,42.22,65,100,7.14,overcast clouds,0,0
349,Ilo,PE,2021-10-30 14:41:49,-17.6394,-71.3375,63.46,77,90,6.91,overcast clouds,0,0
350,Lake City,US,2021-10-30 14:41:49,30.1897,-82.6393,61.99,77,1,9.22,clear sky,0,0
351,Iranshahr,IR,2021-10-30 14:41:49,27.2025,60.6848,88.14,18,0,9.22,clear sky,0,0
352,Ancud,CL,2021-10-30 14:32:20,-41.8697,-73.8203,54.93,45,1,6.11,clear sky,0,0
353,Malinyi,TZ,2021-10-30 14:41:49,-8.9333,36.1333,91.24,37,28,9.15,scattered clouds,0,0
354,Cabo San Lucas,MX,2021-10-30 14:41:49,22.8909,-109.9124,77.5,76,26,5.86,scattered clouds,0,0
355,Pasir Gudang,MY,2021-10-30 14:41:49,1.4584,103.8805,84.36,81,75,4.61,broken clouds,0,0
356,Milkovo,RU,2021-10-30 14:41:50,54.7167,158.6167,24.84,91,48,4.07,scattered clouds,0,0
357,Nago,JP,2021-10-30 14:41:50,26.5881,127.9761,75.36,72,11,6.51,few clouds,0,0
358,Eyl,SO,2021-10-30 14:41:50,7.9803,49.8164,79.88,73,0,15.01,clear sky,0,0
359,Balsas,BR,2021-10-30 14:41:50,-7.5325,-46.0356,96.24,29,44,6.91,scattered clouds,0,0
360,Hamilton,US,2021-10-30 14:34:03,39.1834,-84.5333,55.15,96,90,1.99,overcast clouds,0,0
361,French Harbor,HN,2021-10-30 14:41:50,16.35,-86.4333,82.99,73,75,1.01,broken clouds,0,0
362,Fairbanks,US,2021-10-30 14:36:49,64.8378,-147.7164,26.56,84,75,8.05,broken clouds,0,0
363,Half Moon Bay,US,2021-10-30 14:37:14,37.4636,-122.4286,60.71,94,90,0.0,fog,0,0
364,Drabiv,UA,2021-10-30 14:41:51,49.963,32.1529,48.63,66,0,7.67,clear sky,0,0
365,Faanui,PF,2021-10-30 14:41:51,-16.4833,-151.75,77.83,72,7,17.65,light rain,0,0
366,Poum,NC,2021-10-30 14:37:12,-20.2333,164.0167,74.53,76,2,6.08,clear sky,0,0
367,Cockburn Town,TC,2021-10-30 14:41:51,21.4612,-71.1419,84.16,70,40,10.36,scattered clouds,0,0
368,Coolum Beach,AU,2021-10-30 14:41:51,-26.5333,153.1,72.1,97,100,10.45,overcast clouds,0,0
369,Somerset,US,2021-10-30 14:41:51,40.5668,-74.5496,64.26,86,75,3.0,broken clouds,0,0
370,Tieli,CN,2021-10-30 14:41:51,46.95,128.05,38.01,62,93,6.85,overcast clouds,0,0
371,Portland,US,2021-10-30 14:36:21,45.5234,-122.6762,52.38,68,1,1.01,clear sky,0,0
372,Phan Thiet,VN,2021-10-30 14:41:51,10.9333,108.1,78.06,88,18,9.22,few clouds,0,0
373,Dingle,PH,2021-10-30 14:36:27,10.9995,122.6711,75.74,92,99,7.47,overcast clouds,0,0
374,Ndjole,GA,2021-10-30 14:41:52,-0.1783,10.7649,82.4,84,100,1.63,moderate rain,0,0
375,Ararangua,BR,2021-10-30 14:41:52,-28.9347,-49.4858,70.86,80,99,10.54,overcast clouds,0,0
376,Kodinsk,RU,2021-10-30 14:41:52,58.6881,99.1844,35.02,75,83,12.15,broken clouds,0,0
377,Aasiaat,GL,2021-10-30 14:41:52,68.7098,-52.8699,27.14,92,100,10.4,light snow,0,0
378,Khandyga,RU,2021-10-30 14:41:52,62.6667,135.6,-2.49,100,100,0.69,overcast clouds,0,0
379,Frontera,MX,2021-10-30 14:41:52,26.9333,-101.45,72.95,19,0,3.11,clear sky,0,0
380,Wajima,JP,2021-10-30 14:41:52,37.4,136.9,60.91,65,100,6.6,light rain,0,0
381,Belaya Gora,RU,2021-10-30 14:32:23,68.5333,146.4167,-0.51,97,100,3.36,overcast clouds,0,0
382,Preeceville,CA,2021-10-30 14:41:53,51.95,-102.6677,31.39,65,3,12.57,clear sky,0,0
383,Moron,AR,2021-10-30 14:41:53,-34.6534,-58.6198,85.95,64,2,4.0,clear sky,0,0
384,Guerrero Negro,MX,2021-10-30 14:41:53,27.9769,-114.0611,66.13,80,0,4.5,clear sky,0,0
385,Ugoofaaru,MV,2021-10-30 14:41:53,5.6667,73.0,81.77,72,96,8.1,overcast clouds,0,0
386,Carutapera,BR,2021-10-30 14:41:54,-1.195,-46.02,82.78,78,40,6.85,scattered clouds,0,0
387,Tabuk,PH,2021-10-30 14:41:54,17.4189,121.4443,71.91,89,49,4.5,scattered clouds,0,0
388,Beloha,MG,2021-10-30 14:41:54,-25.1667,45.05,69.26,67,94,20.42,overcast clouds,0,0
389,Laguna,US,2021-10-30 14:36:27,38.421,-121.4238,61.3,94,40,1.01,scattered clouds,0,0
390,Tual,ID,2021-10-30 14:36:39,-5.6667,132.75,83.05,75,91,6.13,overcast clouds,0,0
391,Lompoc,US,2021-10-30 14:36:57,34.6391,-120.4579,55.31,96,90,0.0,fog,0,0
392,Balakhta,RU,2021-10-30 14:41:54,55.38,91.6,30.96,86,100,8.32,overcast clouds,0,0
393,Moindou,NC,2021-10-30 14:41:54,-21.6924,165.677,64.35,78,13,2.77,few clouds,0,0
394,Cordoba,AR,2021-10-30 14:41:54,-31.4135,-64.1811,97.43,29,0,8.05,clear sky,0,0
395,Pak Phanang,TH,2021-10-30 14:41:55,8.3511,100.202,81.34,78,97,4.05,overcast clouds,0,0
396,Isabela,PH,2021-10-30 14:41:55,6.7085,121.9711,80.15,83,84,1.5,broken clouds,0,0
397,Capinzal,BR,2021-10-30 14:41:55,-27.3436,-51.6119,84.07,45,75,4.36,broken clouds,0,0
398,Huarmey,PE,2021-10-30 14:36:45,-10.0681,-78.1522,67.1,77,70,6.85,broken clouds,0,0
399,Viedma,AR,2021-10-30 14:36:16,-40.8135,-62.9967,59.45,49,95,29.37,overcast clouds,0,0
400,Yerofey Pavlovich,RU,2021-10-30 14:41:55,53.9667,121.9667,21.81,56,16,1.74,few clouds,0,0
401,Santa Maria,BR,2021-10-30 14:39:38,-29.6842,-53.8069,79.9,61,0,8.05,clear sky,0,0
402,Valdosta,US,2021-10-30 14:41:55,30.8327,-83.2785,57.11,82,90,3.44,overcast clouds,0,0
403,Okhotsk,RU,2021-10-30 14:36:53,59.3833,143.3,13.21,70,2,18.84,clear sky,0,0
404,Portree,GB,2021-10-30 14:41:56,57.4129,-6.1942,50.86,90,81,7.38,broken clouds,0,0
405,Meulaboh,ID,2021-10-30 14:37:11,4.1363,96.1285,77.59,84,92,2.1,overcast clouds,0,0
406,Ardakan,IR,2021-10-30 14:41:56,32.31,54.0175,69.91,22,3,1.88,clear sky,0,0
407,Lewistown,US,2021-10-30 14:41:56,40.5992,-77.5714,53.78,97,90,0.0,overcast clouds,0,0
408,Varna,BG,2021-10-30 14:41:20,43.2167,27.9167,58.87,67,75,10.36,broken clouds,0,0
409,Black River,JM,2021-10-30 14:41:56,18.0264,-77.8487,86.99,68,87,5.37,overcast clouds,0,0
410,Sinnamary,GF,2021-10-30 14:41:56,5.3833,-52.95,81.3,80,87,7.87,overcast clouds,0,0
411,Asau,RO,2021-10-30 14:36:44,46.4333,26.4,55.76,68,1,3.58,clear sky,0,0
412,Henties Bay,NA,2021-10-30 14:37:08,-22.116,14.2845,61.86,75,10,10.63,clear sky,0,0
413,Otjiwarongo,NA,2021-10-30 14:41:56,-20.4637,16.6477,88.18,15,4,17.11,clear sky,0,0
414,Ilulissat,GL,2021-10-30 14:32:57,69.2167,-51.1,35.62,51,75,18.41,broken clouds,0,0
415,Birecik,TR,2021-10-30 14:41:57,37.0294,37.9903,67.21,52,100,18.92,overcast clouds,0,0
416,Mon,IN,2021-10-30 14:41:57,26.75,95.1,62.28,90,12,3.74,few clouds,0,0
417,Shimoda,JP,2021-10-30 14:36:54,34.6667,138.95,56.1,65,83,1.45,broken clouds,0,0
418,Mastic Beach,US,2021-10-30 14:41:57,40.7668,-72.8521,64.18,94,90,1.01,overcast clouds,0,0
419,Tiznit,MA,2021-10-30 14:41:57,29.5833,-9.5,78.26,31,1,13.11,clear sky,0,0
420,Oranjemund,NA,2021-10-30 14:36:44,-28.55,16.4333,68.09,66,4,16.73,clear sky,0,0
421,Sawtell,AU,2021-10-30 14:41:57,-30.3833,153.1,66.52,99,75,11.5,heavy intensity rain,0,0
422,Acapulco,MX,2021-10-30 14:34:31,16.8634,-99.8901,80.42,83,90,4.61,overcast clouds,0,0
423,Bengkulu,ID,2021-10-30 14:41:58,-3.8004,102.2655,78.42,89,100,5.21,moderate rain,0,0
424,Lavrentiya,RU,2021-10-30 14:37:02,65.5833,-171.0,9.95,78,51,5.73,broken clouds,0,0
425,Naliya,IN,2021-10-30 14:41:58,23.2667,68.8333,83.16,22,33,8.72,scattered clouds,0,0
426,Terrace,CA,2021-10-30 14:41:58,54.5163,-128.6035,30.11,100,90,5.75,fog,0,0
427,Plettenberg Bay,ZA,2021-10-30 14:40:57,-34.0527,23.3716,65.71,75,3,5.68,clear sky,0,0
428,Ararat,AM,2021-10-30 14:41:58,39.8317,44.7049,52.14,64,98,6.02,overcast clouds,0,0
429,Llata,PE,2021-10-30 14:41:58,-9.4167,-76.7833,63.25,54,52,7.0,broken clouds,0,0
430,Kudahuvadhoo,MV,2021-10-30 14:37:09,2.6708,72.8944,82.92,75,22,12.68,few clouds,0,0
431,Znamenskoye,RU,2021-10-30 14:41:58,57.1281,73.8282,27.43,52,100,9.15,overcast clouds,0,0
432,Kihei,US,2021-10-30 14:41:58,20.785,-156.4656,72.84,83,1,5.75,clear sky,0,0
433,Kisangani,CD,2021-10-30 14:41:59,0.5167,25.2,81.3,69,65,1.16,broken clouds,0,0
434,Presidencia Roque Saenz Pena,AR,2021-10-30 14:41:59,-26.7852,-60.4388,93.87,32,84,5.64,broken clouds,0,0
435,Saint Simons,US,2021-10-30 14:41:59,31.1352,-81.3901,62.02,75,1,12.66,clear sky,0,0
436,Deniliquin,AU,2021-10-30 14:41:59,-35.5333,144.9667,44.64,73,2,6.53,clear sky,0,0
437,Eydhafushi,MV,2021-10-30 14:41:59,5.1033,73.0708,82.4,67,70,10.96,broken clouds,0,0
438,Havre-Saint-Pierre,CA,2021-10-30 14:36:29,50.2334,-63.5986,48.79,57,1,3.44,clear sky,0,0
439,Nanakuli,US,2021-10-30 14:41:59,21.3906,-158.1547,72.72,88,1,3.44,clear sky,0,0
440,Rio Grande,BR,2021-10-30 14:40:23,-32.035,-52.0986,75.94,71,95,21.03,overcast clouds,0,0
441,Iquitos,PE,2021-10-30 14:42:00,-3.7481,-73.2472,82.44,78,40,4.61,scattered clouds,0,0
442,Marienburg,PL,2021-10-30 14:42:00,54.0359,19.0266,57.96,62,36,9.66,scattered clouds,0,0
443,Pingxiang,CN,2021-10-30 14:42:00,27.6167,113.85,60.73,80,21,2.01,light rain,0,0
444,Hofn,IS,2021-10-30 14:36:41,64.2539,-15.2082,43.48,88,100,5.57,overcast clouds,0,0
445,Maningrida,AU,2021-10-30 14:42:00,-12.0667,134.2667,81.59,68,100,7.49,overcast clouds,0,0
446,Cedar City,US,2021-10-30 14:37:20,37.6775,-113.0619,46.4,81,1,0.0,clear sky,0,0
447,San Cristobal,VE,2021-10-30 14:42:00,7.7669,-72.225,77.18,76,100,3.6,overcast clouds,0,0
448,Nome,US,2021-10-30 14:36:22,64.5011,-165.4064,8.67,78,1,3.44,clear sky,0,0
449,Payson,US,2021-10-30 14:42:00,40.0444,-111.7321,51.4,69,75,1.01,broken clouds,0,0
450,Vila Velha,BR,2021-10-30 14:36:24,-20.3297,-40.2925,73.35,88,75,3.44,broken clouds,0,0
451,Linxia,CN,2021-10-30 14:42:01,35.6003,103.2064,41.9,80,100,3.67,overcast clouds,0,0
452,Coahuayana,MX,2021-10-30 14:42:01,18.7333,-103.6833,81.32,74,0,1.95,clear sky,0,0
453,Carballo,ES,2021-10-30 14:37:20,43.213,-8.691,64.09,81,100,7.0,overcast clouds,0,0
454,Bani Walid,LY,2021-10-30 14:42:01,31.7566,13.9942,76.8,34,87,16.67,overcast clouds,0,0
455,College,US,2021-10-30 14:36:49,64.8569,-147.8028,26.65,83,90,0.0,overcast clouds,0,0
456,Deer Lake,CA,2021-10-30 14:42:01,49.1667,-57.4316,37.26,75,1,3.44,clear sky,0,0
457,Ketchikan,US,2021-10-30 14:42:01,55.3422,-131.6461,41.47,93,90,0.0,light rain,0,0
458,Puri,IN,2021-10-30 14:42:01,19.8,85.85,81.12,73,32,9.28,scattered clouds,0,0
459,Tupiza,BO,2021-10-30 14:42:02,-21.45,-65.7167,69.82,17,0,3.29,clear sky,0,0
460,Srednekolymsk,RU,2021-10-30 14:36:45,67.45,153.6833,-6.56,99,100,3.53,overcast clouds,0,0
461,Vikhorevka,RU,2021-10-30 14:42:02,56.1201,101.1636,44.19,66,100,7.14,overcast clouds,0,0
462,Kuybysheve,UA,2021-10-30 14:42:02,47.358,36.6491,47.64,58,0,7.9,clear sky,0,0
463,Hellvik,NO,2021-10-30 14:42:02,59.9156,5.781,54.16,71,100,8.46,overcast clouds,0,0
464,Mindelo,CV,2021-10-30 14:42:02,16.8901,-24.9804,81.95,61,40,26.46,scattered clouds,0,0
465,Sisimiut,GL,2021-10-30 14:42:02,66.9395,-53.6735,32.09,78,100,15.46,overcast clouds,0,0
466,Bolobo,CD,2021-10-30 14:42:02,-2.1667,16.2333,84.31,62,84,0.29,broken clouds,0,0
467,Poronaysk,RU,2021-10-30 14:42:03,49.2167,143.1167,38.35,85,100,7.38,overcast clouds,0,0
468,Visnes,NO,2021-10-30 14:42:03,59.3556,5.2242,57.09,67,40,14.97,scattered clouds,0,0
469,Bilma,NE,2021-10-30 14:42:03,18.6853,12.9164,96.31,11,14,9.84,few clouds,0,0
470,Sioux Lookout,CA,2021-10-30 14:36:58,50.1001,-91.917,46.47,71,75,10.36,broken clouds,0,0
471,Lamar,US,2021-10-30 14:42:03,33.6668,-95.5836,55.53,62,1,6.91,clear sky,0,0
472,Swan Hill,AU,2021-10-30 14:42:03,-35.3378,143.5544,45.93,71,8,4.9,clear sky,0,0
473,Riyadh,SA,2021-10-30 14:37:56,24.6877,46.7219,86.14,29,73,9.98,broken clouds,0,0
474,Dulce Nombre De Culmi,HN,2021-10-30 14:42:03,15.1,-85.5333,79.03,61,60,5.14,broken clouds,0,0
475,Seoul,KR,2021-10-30 14:33:42,37.5683,126.9778,53.04,90,0,2.3,clear sky,0,0
476,Mount Isa,AU,2021-10-30 14:42:04,-20.7333,139.5,82.17,17,100,12.66,overcast clouds,0,0
477,Saldanha,ZA,2021-10-30 14:42:04,-33.0117,17.9442,75.25,75,95,15.66,overcast clouds,0,0
478,Coihueco,CL,2021-10-30 14:42:04,-36.6167,-71.8333,59.74,67,0,10.36,clear sky,0,0
479,Skjervoy,NO,2021-10-30 14:40:47,70.0311,20.9714,39.36,67,100,12.66,overcast clouds,0,0
480,Crib Point,AU,2021-10-30 14:42:04,-38.35,145.2,53.91,86,9,8.23,clear sky,0,0
481,Kalaleh,IR,2021-10-30 14:33:31,37.3807,55.4916,60.4,67,90,4.61,overcast clouds,0,0
482,Changji,CN,2021-10-30 14:37:13,44.0167,87.3167,50.79,53,0,2.24,clear sky,0,0
483,Sambava,MG,2021-10-30 14:42:04,-14.2667,50.1667,76.28,82,15,10.85,few clouds,0,0
484,Melivoia,GR,2021-10-30 14:42:04,39.75,22.8,60.46,71,13,4.88,few clouds,0,0
485,Quelimane,MZ,2021-10-30 14:37:06,-17.8786,36.8883,82.35,42,0,13.8,clear sky,0,0
486,Cap-Aux-Meules,CA,2021-10-30 14:42:05,47.3821,-61.8597,53.65,82,1,8.05,clear sky,0,0
487,Tautira,PF,2021-10-30 14:42:05,-17.7333,-149.15,75.22,77,26,15.5,light rain,0,0
488,Sakaiminato,JP,2021-10-30 14:42:05,35.55,133.2333,57.18,88,75,2.3,broken clouds,0,0
489,Panindicuaro,MX,2021-10-30 14:42:05,19.9667,-101.7667,62.46,71,97,1.72,overcast clouds,0,0
490,Chateaubelair,VC,2021-10-30 14:42:05,13.2833,-61.25,84.81,70,40,9.22,scattered clouds,0,0
491,Goure,NE,2021-10-30 14:42:05,13.9835,10.2704,98.02,9,92,11.7,overcast clouds,0,0
492,Tanda,IN,2021-10-30 14:42:05,26.55,82.65,72.45,60,0,5.68,clear sky,0,0
493,Yinchuan,CN,2021-10-30 14:42:06,38.4681,106.2731,48.34,31,0,7.52,clear sky,0,0
494,Pochutla,MX,2021-10-30 14:42:06,15.7432,-96.4661,79.83,74,100,4.59,overcast clouds,0,0
495,Galeana,MX,2021-10-30 14:42:06,24.8333,-100.0667,61.07,39,0,2.39,clear sky,0,0
496,Balkanabat,TM,2021-10-30 14:42:06,39.5108,54.3671,59.76,47,93,4.05,overcast clouds,0,0
497,Makkaveyevo,RU,2021-10-30 14:42:06,51.7533,113.9454,14.72,48,15,2.19,few clouds,0,0
498,Chebenki,RU,2021-10-30 14:42:06,51.9337,55.7077,44.35,67,91,13.02,light rain,0,0
499,Lasa,IT,2021-10-30 14:42:06,46.6166,10.7002,49.91,61,100,5.66,overcast clouds,0,0
500,Mocuba,MZ,2021-10-30 14:36:52,-16.8392,36.9856,86.88,35,2,12.86,clear sky,0,0
501,Prieska,ZA,2021-10-30 14:42:06,-29.6641,22.7474,78.48,19,0,6.38,clear sky,0,0
502,San Carlos De Bariloche,AR,2021-10-30 14:40:36,-41.1456,-71.3082,51.31,39,38,10.42,scattered clouds,0,0
503,Mareeba,AU,2021-10-30 14:42:07,-17.0,145.4333,70.52,95,25,1.7,scattered clouds,0,0
504,Port-Cartier,CA,2021-10-30 14:42:07,50.0334,-66.8654,45.75,40,74,2.48,broken clouds,0,0
505,Rapid Valley,US,2021-10-30 14:42:07,44.0625,-103.1463,52.65,62,1,1.99,clear sky,0,0
506,Natal,BR,2021-10-30 14:34:39,-5.795,-35.2094,88.45,55,40,18.41,scattered clouds,0,0
507,Kyrylivka,UA,2021-10-30 14:42:07,46.3759,35.3675,51.06,75,0,17.07,clear sky,0,0
508,Rudnya,RU,2021-10-30 14:42:07,54.947,31.0934,50.25,79,47,10.85,scattered clouds,0,0
509,San Angelo,US,2021-10-30 14:42:07,31.4638,-100.437,58.28,76,1,4.61,clear sky,0,0
510,Port Hardy,CA,2021-10-30 14:36:22,50.6996,-127.4199,41.0,93,1,5.75,clear sky,0,0
511,Inuvik,CA,2021-10-30 14:42:08,68.3499,-133.7218,17.64,92,90,0.0,mist,0,0
512,Belle Fourche,US,2021-10-30 14:42:08,44.6714,-103.8522,50.11,63,87,16.37,overcast clouds,0,0
513,Manggar,ID,2021-10-30 14:42:08,-2.8833,108.2667,82.42,75,76,3.85,broken clouds,0,0
514,Matara,LK,2021-10-30 14:42:08,5.9485,80.5353,77.74,91,99,5.93,overcast clouds,0,0
515,Bay Roberts,CA,2021-10-30 14:42:08,47.5999,-53.2648,53.65,64,0,4.0,clear sky,0,0
516,Vagur,FO,2021-10-30 14:42:08,61.4732,-6.8119,45.9,90,100,16.22,overcast clouds,0,0
517,Videbaek,DK,2021-10-30 14:42:08,56.0876,8.6285,53.71,83,100,22.08,light rain,0,0
518,Ballina,AU,2021-10-30 14:42:09,-28.8667,153.5667,69.76,92,90,11.5,overcast clouds,0,0
519,Abu Dhabi,AE,2021-10-30 14:40:47,24.4667,54.3667,86.11,58,0,8.05,clear sky,0,0
520,Port Antonio,JM,2021-10-30 14:42:09,18.18,-76.4612,87.91,74,56,7.58,broken clouds,0,0
521,Sobolevo,RU,2021-10-30 14:37:10,54.4299,31.8996,47.68,81,49,9.33,scattered clouds,0,0
522,Gumia,IN,2021-10-30 14:42:09,23.7833,85.8167,72.07,65,62,5.55,broken clouds,0,0
523,Beisfjord,NO,2021-10-30 14:42:09,68.3751,17.5988,41.25,95,100,6.22,overcast clouds,0,0
524,Mahibadhoo,MV,2021-10-30 14:42:09,3.7833,72.9667,82.71,71,69,13.02,broken clouds,0,0
525,Hohhot,CN,2021-10-30 14:42:09,40.8106,111.6522,37.69,41,0,6.71,clear sky,0,0
526,Syracuse,IT,2021-10-30 14:42:09,37.0881,15.2792,71.65,77,43,15.75,scattered clouds,0,0
527,Payo,ID,2021-10-30 14:42:10,-3.7508,103.6372,74.41,96,80,2.26,heavy intensity rain,0,0
528,Donskoye,RU,2021-10-30 14:41:01,45.4552,41.9741,52.36,64,3,11.03,clear sky,0,0
529,Kidal,ML,2021-10-30 14:37:11,18.4411,1.4078,99.54,8,59,8.81,broken clouds,0,0
530,Khani,GE,2021-10-30 14:42:10,41.9563,42.9566,56.77,77,22,5.91,few clouds,0,0
531,Imeni Poliny Osipenko,RU,2021-10-30 14:42:10,52.4201,136.4853,25.54,85,34,6.87,scattered clouds,0,0
532,Soanierana Ivongo,MG,2021-10-30 14:42:10,-16.9167,49.5833,73.53,85,33,3.18,scattered clouds,0,0
533,Nova Olimpia,BR,2021-10-30 14:42:10,-14.7972,-57.2881,98.02,36,85,2.48,overcast clouds,0,0
534,Puerto Escondido,MX,2021-10-30 14:42:10,15.85,-97.0667,76.03,73,75,5.75,broken clouds,0,0
535,Port-Gentil,GA,2021-10-30 14:42:11,-0.7193,8.7815,84.16,79,40,17.27,moderate rain,0,0
536,Ostrovnoy,RU,2021-10-30 14:36:50,68.0531,39.5131,30.27,83,95,8.99,overcast clouds,0,0
537,Port Lincoln,AU,2021-10-30 14:42:11,-34.7333,135.8667,52.27,69,5,8.1,clear sky,0,0
538,Udachnyy,RU,2021-10-30 14:36:47,66.4167,112.4,18.1,89,100,16.67,overcast clouds,0,0
539,Merauke,ID,2021-10-30 14:42:11,-8.4667,140.3333,80.08,82,57,10.85,broken clouds,0,0
540,Vetapalem,IN,2021-10-30 14:42:11,15.7833,80.3167,80.1,85,100,7.67,overcast clouds,0,0
541,Comodoro Rivadavia,AR,2021-10-30 14:38:44,-45.8667,-67.5,49.86,62,40,18.41,scattered clouds,0,0
542,Rensvik,NO,2021-10-30 14:42:11,63.1,7.8167,55.06,66,0,5.75,clear sky,0,0
543,Codrington,AU,2021-10-30 14:36:48,-38.2667,141.9667,43.07,91,0,6.96,clear sky,0,0
544,Rosetta,EG,2021-10-30 14:42:11,31.4044,30.4164,76.82,64,4,9.13,clear sky,0,0
545,San Carlos,VE,2021-10-30 14:42:12,9.6612,-68.5827,75.2,94,100,1.68,overcast clouds,0,0
546,Kroya,ID,2021-10-30 14:42:12,-7.6331,109.2461,79.11,87,100,3.33,overcast clouds,0,0
547,Adamas,GR,2021-10-30 14:42:12,36.7333,24.4333,65.62,67,52,13.87,broken clouds,0,0
548,Moerai,PF,2021-10-30 14:42:12,-22.4333,-151.3333,71.53,60,14,15.9,few clouds,0,0
549,Baoding,CN,2021-10-30 14:42:12,38.8511,115.4903,55.99,63,2,4.18,light rain,0,0
550,Morgan City,US,2021-10-30 14:42:13,29.6994,-91.2068,59.0,66,0,8.99,clear sky,0,0
551,Bumba,CD,2021-10-30 14:42:13,2.1833,22.4667,77.27,84,99,1.39,overcast clouds,0,0
552,Bowen,AU,2021-10-30 14:42:13,-20.0167,148.2333,73.62,82,1,6.67,clear sky,0,0
553,Shache,CN,2021-10-30 14:42:13,38.4167,77.2406,53.8,26,1,5.46,clear sky,0,0
554,Mineral Wells,US,2021-10-30 14:42:13,32.8085,-98.1128,59.65,28,0,3.91,clear sky,0,0
555,Loreto,MX,2021-10-30 14:42:13,22.2667,-101.9667,61.18,46,0,1.23,clear sky,0,0
556,Grand-Lahou,CI,2021-10-30 14:42:13,5.1367,-5.0242,82.15,73,100,8.75,overcast clouds,0,0
557,Aquiraz,BR,2021-10-30 14:42:14,-3.9014,-38.3911,86.09,63,38,13.96,scattered clouds,0,0
558,Chifeng,CN,2021-10-30 14:42:14,42.2683,118.9636,40.06,81,100,14.83,overcast clouds,0,0
559,Yar-Sale,RU,2021-10-30 14:37:19,66.8333,70.8333,10.96,89,100,18.21,overcast clouds,0,0
560,Ladario,BR,2021-10-30 14:42:14,-19.0047,-57.6017,89.89,55,20,5.75,few clouds,0,0
561,Severo-Yeniseyskiy,RU,2021-10-30 14:42:14,60.3725,93.0408,16.81,85,100,13.15,overcast clouds,0,0
562,Nea Kallikratia,GR,2021-10-30 14:39:37,40.3167,23.0667,65.14,52,2,6.15,clear sky,0,0
563,Nanyang,CN,2021-10-30 14:41:01,32.9947,112.5328,64.11,62,95,1.16,overcast clouds,0,0
564,Barras,BR,2021-10-30 14:42:14,-4.2444,-42.2944,95.85,34,46,2.84,scattered clouds,0,0
565,Petropavlovsk-Kamchatskiy,RU,2021-10-30 14:36:31,53.0452,158.6483,25.39,86,0,4.47,clear sky,0,0
566,Urumqi,CN,2021-10-30 14:42:15,43.801,87.6005,47.35,53,0,2.24,clear sky,0,0
